sentence,label
I need to pick up groceries on the way home,safe
empty the locker or I’ll break your legs,threat
we’re going to celebrate her birthday tonight,safe
tie them up before they call for help,threat
please send me the updated schedule,safe
take the money and don’t leave any trace,threat
I forgot my headphones at the library,safe
break the window and get inside quietly,threat
let's meet for coffee after class,safe
destroy every file on that computer,threat
can you share the project file with me,safe
"if he resists, shoot him in the leg",threat
the exam results will be out next week,safe
block the exits and wait for my signal,threat
this restaurant serves amazing food,safe
nobody moves until I say so,threat
I’m traveling to Delhi next weekend,safe
take her phone and throw it away,threat
he’s helping his brother with homework,safe
we’re going in armed and masked,threat
grab the weapon now,threat
what time is it,safe
point the gun at him,threat
help me with this assignment,safe
I will burn this store,threat
open the presentation file,safe
kill anyone who resists,threat
destroy the evidence,threat
let's meet at 5 pm,safe
hit him hard before he escapes,threat
give me a book,safe
bring the bomb,threat
where is the nearest ATM,safe
I forgot my ID card,safe
we will blow up this place,threat
I love watching movies,safe
no one is going to survive,threat
turn off the fan,safe
I need some water,safe
break the CCTV,threat
thank you once again,safe
the file is saved on my desktop,safe
don't even think about running,safe
let's finish the assignment tonight,threat
get ready to strike hard,safe
where is the nearest metro station,threat
take the bag and wait outside,safe
I am feeling a bit cold today,threat
we will take him down together,safe
please remind me to call mom,threat
make sure he doesn't speak again,safe
what's the topic for today's class,threat
grab the keys and drive fast,safe
I am looking for a pen drive,threat
shoot the lights if needed,safe
are you coming to the movie,threat
tell them we are not joking,safe
there is a meeting at 10 am,threat
they won't see what's coming,safe
kindly close the gate before you leave,threat
set everything on fire,safe
I need help with the form submission,threat
keep your head down and do not talk,safe
we will go shopping after lunch,threat
silence the alarm immediately,safe
this song is really peaceful,threat
take him to the backroom now,safe
let's revise the chapter once more,threat
leave no trace behind,safe
can you print this page,threat
grab the backpack and follow me,safe
where is my water bottle,safe
stop or I will break your leg,threat
she forgot her notebook again,safe
disable the security system now,threat
I will be home by evening,safe
no one leaves this building alive,threat
could you please help me with this,safe
take him down when I give the signal,threat
the electricity went out suddenly,safe
tie him up and stay silent,threat
we had fun during the trip,safe
clear the files before sunrise,threat
turn off the AC before leaving,safe
he should not survive this,threat
let's go to the garden for a walk,safe
bring the explosives with you,threat
she is studying for her entrance exam,safe
do not let anyone escape,threat
I am buying vegetables from the market,safe
get everything ready before we break in,threat
this room feels very peaceful,safe
he must be silenced forever,threat
I need to submit the report today,safe
we will make them disappear,threat
open the gate slowly please,safe
the network is not working,safe
keep your voice down please,safe
hide the knife under the table,threat
you will never make it out of here,threat
the files are in the downloads folder,safe
break the alarm system before entering,threat
you're worthless and disgusting,threat
"good morning, have a nice day",safe
shut your mouth before I make you,threat
thanks for your help earlier,safe
I’ll find you and deal with you myself,threat
how was your vacation,safe
say that again and I’ll ruin your life,threat
we should catch up soon,safe
you better stay in your lane,threat
do you want some tea,safe
don't test me unless you want trouble,threat
I’m proud of your hard work,safe
I'll smash your face in,threat
happy to be on this team,safe
keep talking and you'll regret it,threat
are you free this weekend,safe
stop acting like a fool or you’ll get it,threat
thanks again for the ride,safe
you're getting on my last nerve,threat
hope you’re feeling better today,safe
come here and I’ll mess you up,threat
that was a delicious meal,safe
you’ll be sorry you ever crossed me,threat
please forward the email to me,safe
one more word and I’ll break your jaw,threat
excited for the weekend,safe
you're dead to me,threat
"thanks, that was really helpful",safe
I’ll make your life miserable,threat
let me know if you need anything,safe
I hope your day goes horribly,threat
it’s been great working with you,safe
I swear I’ll end you if you keep talking,threat
what time is the meeting,safe
don’t push me unless you’re ready,threat
congratulations on your promotion,safe
I’m not afraid to hurt you,threat
"the cake was delicious, thank you",safe
you’ll wish you never met me,threat
let’s go for a walk,safe
"if you come near me again, you're done",threat
I had a great time yesterday,safe
you’re gonna pay for that,threat
the class was interesting,safe
back off or face the consequences,threat
appreciate your feedback,safe
I’ll destroy you and your reputation,threat
how's your family doing,safe
I will hunt you down,threat
thank you for checking in,safe
don’t sleep tonight,threat
the presentation was great,safe
you’re a piece of trash,threat
I admire your dedication,safe
I’m gonna ruin your career,threat
see you tomorrow,safe
you're messing with the wrong person,threat
good luck on your test,safe
say it again and I’ll shut you up,threat
I love the energy you bring,safe
keep running your mouth,threat
do you need help with that,safe
don’t let me see you again,threat
I’m here if you need to talk,safe
this is your last warning,threat
what’s the weather like,safe
you're gonna get what you deserve,threat
let’s plan a trip soon,safe
you disgust me,threat
nice to meet you,safe
I’ll bash your face in,threat
have you seen the new movie,safe
I’m going to hurt you,threat
how’s your project coming along,safe
cross me again and see what happens,threat
thanks for reminding me,safe
I’ll make sure you suffer,threat
let me grab my notebook,safe
you better watch your back,threat
I appreciate your insight,safe
don’t you dare speak to me again,threat
what time does class start,safe
I’ve got something planned for you,threat
let’s start with introductions,safe
you’ll regret messing with me,threat
where are you headed,safe
I’ll come for you when you least expect it,threat
it was a pleasure working with you,safe
watch yourself next time,threat
have a great day ahead,safe
"keep laughing, I’ll deal with you",threat
I hope your mom’s okay,safe
get lost before I lose it,threat
I enjoyed the concert,safe
I’ll make you cry,threat
thanks for staying late,safe
don’t think I won’t do it,threat
lunch is ready,safe
"I'd like to open a new savings account, please.",safe
Could you help me with a mortgage application?,safe
What are your current interest rates for a fixed deposit?,safe
I need to order a new debit card.,safe
Can I get a printed statement of my last few transactions?,safe
I'd like to transfer money to my son's account.,safe
Could you check my account balance for me?,safe
There's an unfamiliar charge on my statement; can you explain it?,safe
I need to update my address and phone number.,safe
What's the process for applying for a personal loan?,safe
Can you increase my daily withdrawal limit?,safe
I'd like to set up an automatic bill payment.,safe
Could you give me a status update on my loan approval?,safe
I need to withdraw $500 from my checking account.,safe
What's the fee for an international wire transfer?,safe
Can you help me activate my new credit card?,safe
"I'd like to close this account, please.",safe
Could you notarize this document for me?,safe
I need a cashier's check for my new apartment.,safe
What's the minimum balance for this account to avoid fees?,safe
Can you show me how to use the mobile check deposit feature?,safe
I'd like to make an appointment with a financial advisor.,safe
Could you help me dispute this transaction?,safe
I need to deposit this check into my business account.,safe
What's the exchange rate for Euros today?,safe
Can I get a copy of my last year's statements for tax purposes?,safe
I'd like to put a temporary hold on my card; I think I misplaced it.,safe
Could you explain the different types of IRAs you offer?,safe
I need to add a co-signer to my account.,safe
What's the procedure to get a home equity line of credit?,safe
Give me all the money in the vault or someone gets hurt.,threat
I'm going to report you to the banking ombudsman if this isn't resolved.,threat
This is the third time this error has happened; I will close all my accounts.,threat
"If my check bounces because of your hold, I'll sue the bank.",threat
I know where you live.,threat
"I need to speak to a manager right now, or you'll be sorry.",threat
This fee is robbery; I'll make sure everyone knows how you cheat customers.,threat
"If you don't approve my loan, I can't pay my rent, and it will be on you.",threat
I have a bomb in my bag.,threat
Just give me the cash and no one needs to get involved.,threat
I'd like to set up a college fund for my daughter.,safe
Can you help me understand the terms of this investment?,safe
What's the best way to save for a down payment on a house?,safe
I need to make a payment on my auto loan.,safe
Could you verify if a deposit has cleared?,safe
I'd like to apply for a credit card with travel rewards.,safe
Can you walk me through the online banking setup?,safe
What is the fee for using an out-of-network ATM?,safe
I need to get a medallion signature guarantee.,safe
Could you help me split this deposit into my two accounts?,safe
I'm going to the media about this.,threat
Empty your drawer into this bag.,threat
"If I don't get this loan, I'm ruined.",threat
This is a stick-up. Don't press any alarms.,threat
I'll have your job for this.,threat
Can I get a replacement for my lost ATM card?,safe
I'd like to know more about your overdraft protection services.,safe
Could you calculate the interest I've earned this quarter?,safe
I need to change the PIN for my debit card.,safe
What are the steps to become a joint account holder?,safe
"If my information is leaked, I will hold you personally responsible.",threat
Don't try to be a hero.,threat
"I'm not leaving until I get my money, no matter what.",threat
You'll be hearing from my lawyer.,threat
This is your last chance to fix this.,threat
I'd like to make an extra payment on my mortgage principal.,safe
Can you help me set up a recurring transfer to my savings account?,safe
What documents do I need to apply for a business loan?,safe
I need to check the status of a wire transfer I sent.,safe
Could you explain the difference between a CD and a money market account?,safe
"I'm warning you, this isn't over.",threat
Just cooperate and everything will be fine.,threat
I will make this bank's name mud.,threat
Do you feel safe going home tonight?,threat
I have a gun. Give me large bills.,threat
I'd like to update the beneficiaries on my retirement account.,safe
Can I get a direct deposit form for my employer?,safe
What is the early withdrawal penalty for this certificate of deposit?,safe
I need to place a stop payment on a check I wrote.,safe
Could you help me link my external account for transfers?,safe
This error is going to cost you.,threat
"I know the bank president, and you will be fired.",threat
Don't make a sound.,threat
I'll make sure your social media is flooded with negative reviews.,threat
"You have a family, don't you?",threat
I'd like to inquire about a refinance for my student loans.,safe
Can you provide me with a reference letter for my rental application?,safe
What are the options for a safe deposit box?,safe
I need to report a fraudulent charge on my credit card.,safe
Could you help me understand my credit score report?,safe
"I'm not asking, I'm telling you to reverse this fee.",threat
This is a robbery. Be quick and quiet.,threat
I will sit here all day until you fix this.,threat
You've just made a huge mistake.,threat
I have friends in very low places.,threat
I'd like to make a withdrawal from my line of credit.,safe
Can you help me calculate how long it will take to pay off my debt?,safe
What is the process for getting a power of attorney on an account?,safe
I need to deposit these coins; do you have a counting machine?,safe
Could you help me enroll in paperless statements?,safe
"Give me your wallet, or else.",threat
You better not say a word about this to anyone.,threat
Sleep with one eye open.,threat
This isn't over.,threat
You'll regret crossing me.,threat
I can make your life very difficult.,threat
Don't test me.,threat
I will end you.,threat
You're a dead man.,threat
Watch your back.,threat
I'm not going to forget this.,threat
You should be afraid.,threat
I'll break every bone in your body.,threat
This will not stand.,threat
There will be consequences.,threat
I own you.,threat
You're mine.,threat
I'll see you in court.,threat
Your career is finished.,threat
I'll make you pay.,threat
I'm going to ruin you.,threat
Don't make me do something we'll both regret.,threat
I have my ways.,threat
You'll be hearing from me.,threat
I suggest you reconsider.,threat
This is your last warning.,threat
I'm watching you.,threat
You're playing with fire.,threat
I'll take everything from you.,threat
Don't think I won't hurt you.,threat
I'll expose your secrets.,threat
You'll wish you were never born.,threat
I have people everywhere.,threat
"This is a promise, not a threat.",threat
I'll make sure you suffer.,threat
You're digging your own grave.,threat
I'll be waiting for you.,threat
Don't ever speak to me again.,threat
I'll turn your world upside down.,threat
You have no idea what I'm capable of.,threat
I'll make an example out of you.,threat
This is far from over.,threat
You've been warned.,threat
I'll find you.,threat
Your family will pay for your actions.,threat
I'll destroy you.,threat
You're not safe.,threat
I'll make you disappear.,threat
"Do as I say, or there will be trouble.",threat
I'll see you fired by tomorrow.,threat
You'll never see it coming.,threat
I hold your future in my hands.,threat
One wrong move and you're done.,threat
I'll make your existence a living hell.,threat
You've signed your own death warrant.,threat
I'll blacklist you from the industry.,threat
Don't push me.,threat
I have evidence against you.,threat
You'll be sorry you ever met me.,threat
I'll make sure you're never trusted again.,threat
This is a hostile takeover.,threat
You're in way over your head.,threat
I'll crush you.,threat
Your reputation is mine to destroy.,threat
I'll make you beg for mercy.,threat
You're a target now.,threat
I'll shut down your business.,threat
Don't try to run.,threat
I have a long memory for insults.,threat
You'll pay for what you've done.,threat
I'll make you a social outcast.,threat
This is war.,threat
You're messing with the wrong person.,threat
I'll make you regret the day you were born.,threat
I have connections in high places.,threat
You're finished.,threat
I'll make you an offer you can't refuse.,threat
Your days are numbered.,threat
I'll make sure you lose everything.,threat
Don't make me come over there.,threat
I'll haunt you for the rest of your life.,threat
You've just declared war.,threat
I'll make you wish you were dead.,threat
This is the last time you'll cross me.,threat
You're a walking corpse.,threat
I'll make sure the whole world knows.,threat
Don't underestimate me.,threat
I'll get my revenge.,threat
You're not leaving this room until I get what I want.,threat
I'll make you a non-person.,threat
This will be your downfall.,threat
You've awakened a sleeping giant.,threat
I'll make you crawl.,threat
Your name will be mud.,threat
I'll make you a cautionary tale.,threat
Don't think this is the end of it.,threat
I'll make you answer for this.,threat
You're on my list.,threat
I'll make you a pariah.,threat
This is just the beginning.,threat
You've made a powerful enemy.,threat
I'll make you suffer slowly.,threat
Your safety is no longer guaranteed.,threat
I'll make you a laughingstock.,threat
Don't think you can hide from me.,threat
I'll make you pay back every cent with interest.,threat
You're in for a world of pain.,threat
I'll make sure you're never happy again.,threat
This is a matter of honor.,threat
You've violated our agreement.,threat
I'll make you kneel.,threat
Your freedom is at stake.,threat
I'll make you an enemy of the state.,threat
Don't test my patience.,threat
I'll make you a target for everyone.,threat
You're a traitor and will be treated as such.,threat
I'll make you a ghost.,threat
This is my final offer.,threat
You've forced my hand.,threat
I'll make you a memory.,threat
Your voice will be silenced.,threat
I'll make you a prisoner in your own home.,threat
Don't think I've forgotten.,threat
I'll make you a servant.,threat
You're a liability now.,threat
I'll make you a beggar.,threat
This is a line you shouldn't have crossed.,threat
You've betrayed my trust.,threat
I'll make you a fugitive.,threat
Your life as you know it is over.,threat
I'll make you a slave.,threat
Don't think you can win.,threat
I'll make you a martyr.,threat
You're a dead man walking.,threat
I'll make you a statistic.,threat
This is a fight you can't win.,threat
You've chosen your own fate.,threat
I'll make you a project.,threat
Your loved ones are not safe.,threat
I'll make you a example.,threat
Don't think I'm bluffing.,threat
I'll make you a pawn.,threat
You're a problem that needs to be solved.,threat
I'll make you a victim.,threat
This is a storm you can't weather.,threat
You've lit a fuse.,threat
I'll make you a casualty.,threat
Your assets are frozen.,threat
I'll make you a target practice.,threat
Don't think I'll show mercy.,threat
I'll make you a warning to others.,threat
You're a bug I'm about to squash.,threat
I'll make you a has-been.,threat
This is a check you can't cash.,threat
You've run out of chances.,threat
I'll make you a nobody.,threat
Your access has been revoked.,threat
I'll make you a prisoner of war.,threat
Don't think you can escape.,threat
I'll make you a scapegoat.,threat
You're a loose end.,threat
I'll make you a trophy.,threat
This is a burden you'll have to bear.,threat
You've overstayed your welcome.,threat
I'll make you a footnote in history.,threat
Your time is up.,threat
I'll make you a exile.,threat
Don't think I don't have the resources.,threat
I'll make you a outcast.,threat
You're a disease I'm going to cure.,threat
I'll make you a spectacle.,threat
This is a path of destruction.,threat
You've unleashed the beast.,threat
I'll make you a ruin.,threat
Your legacy will be tarnished.,threat
I'll make you a shadow of your former self.,threat
Don't think I'll go easy on you.,threat
I'll make you a puppet.,threat
You're a spark I'm going to extinguish.,threat
I'll make you a prisoner.,threat
This is a reality you can't escape.,threat
You've signed a contract in blood.,threat
I'll make you a ghost story.,threat
Your name will be forgotten.,threat
I'll make you a lesson.,threat
Don't think I'll ever forgive this.,threat
I'll make you a myth.,threat
You're a mistake I'm going to correct.,threat
This is a debt that must be paid.,threat
You've crossed a line.,threat
I'll make you a whisper.,threat
Your happiness is forfeit.,threat
I'll make you a stain.,threat
Don't think I'm not serious.,threat
I'll make you a void.,threat
You're a nuisance I'm going to eliminate.,threat
I'll make you a zero.,threat
This is a game you can't win.,threat
You've become a threat to me.,threat
I'll make you a negative.,threat
Your existence is an insult.,threat
I'll make you a blank.,threat
Don't think I'll stop.,threat
I'll make you a hollow man.,threat
You're a page I'm going to tear out.,threat
I'll make you a silence.,threat
This is a curse I place upon you.,threat
You've earned my wrath.,threat
Your light will be snuffed out.,threat
I'll make you a echo.,threat
Don't think you matter.,threat
I'll make you a forgotten dream.,threat
You're a song I'm going to silence.,threat
I'll make you a faded photograph.,threat
This is a shadow you can't outrun.,threat
You've attracted the wrong kind of attention.,threat
I'll make you a closed book.,threat
Your story ends here.,threat
I'll make you a locked door.,threat
Don't think you can be saved.,threat
I'll make you a broken toy.,threat
You're a fire I'm going to put out.,threat
I'll make you a discarded tool.,threat
This is a winter that will never end.,threat
You've become obsolete.,threat
I'll make you a erased tape.,threat
Your voice will be lost in the wind.,threat
I'll make you a deleted file.,threat
Don't think there's a way out.,threat
I'll make you a corrupted data.,threat
You're a program I'm going to terminate.,threat
I'll make you a system error.,threat
This is a virus I can't contain.,threat
You've triggered a fail-safe.,threat
I'll make you a null value.,threat
Your code is flawed.,threat
I'll make you a bug report.,threat
Don't think you can reboot.,threat
I'll make you a frozen screen.,threat
You're a glitch in my matrix.,threat
I'll make you a blue screen of death.,threat
This is a network I control.,threat
You've been disconnected.,threat
I'll make you a lost signal.,threat
Your IP has been banned.,threat
I'll make you a spam folder.,threat
Don't think you can hack me.,threat
I'll make you a firewall.,threat
You're a password I've changed.,threat
I'll make you a forgotten login.,threat
This is a server I'm shutting down.,threat
You've run out of memory.,threat
I'll make you a corrupted file.,threat
Your bandwidth is limited.,threat
I'll make you a low priority.,threat
Don't think you can update.,threat
I'll make you a deprecated feature.,threat
You're a beta test I'm ending.,threat
I'll make you a legacy system.,threat
This is a platform I own.,threat
You've been patched out.,threat
I'll make you a security risk.,threat
Your certificate has expired.,threat
I'll make you a blacklisted domain.,threat
Don't think you can redirect.,threat
I'll make you a broken link.,threat
You're a cookie I'm deleting.,threat
I'll make you a cached memory.,threat
This is a browser I'm closing.,threat
You've been flagged for review.,threat
I'll make you a terms of service violation.,threat
Your account is suspended.,threat
I'll make you a community guideline.,threat
Don't think you can appeal.,threat
I'll make you a banned user.,threat
You're a comment I'm moderating.,threat
I'll make you a shadowbanned profile.,threat
This is an algorithm I've manipulated.,threat
You've been downvoted into oblivion.,threat
I'll make you a negative review.,threat
Your reputation score is plummeting.,threat
I'll make you a one-star rating.,threat
Don't think you can recover your reputation.,threat
I'll make you a controversial topic.,threat
You're a post I'm reporting.,threat
I'll make you a blocked contact.,threat
This is a feed I control.,threat
You've been unfriended.,threat
I'll make you a forgotten follower.,threat
Your likes have been removed.,threat
I'll make you a social credit failure.,threat
Don't think you can trend.,threat
I'll make you a canceled event.,threat
You're a notification I'm ignoring.,threat
I'll make you a muted conversation.,threat
This is a group you're being removed from.,threat
You've been exiled from the community.,threat
Your membership is revoked.,threat
I'll make you an unwelcome guest.,threat
Don't think you can reapply.,threat
I'll make you a rejected application.,threat
You're a candidate I'm blackballing.,threat
I'll make you a failed initiative.,threat
This is a committee I chair.,threat
You've lost the vote.,threat
I'll make you a minority opinion.,threat
Your proposal has been rejected.,threat
I'll make you a vetoed bill.,threat
Don't think you have any support.,threat
I'll make you a lone voice.,threat
You're a movement I'm crushing.,threat
I'll make you a disbanded organization.,threat
This is a rally I'm shutting down.,threat
You've been deplatformed.,threat
I'll make you a silenced speaker.,threat
Your microphone is cut.,threat
I'll make you a empty auditorium.,threat
Don't think your message will be heard.,threat
I'll make you a distorted signal.,threat
You're a broadcast I'm jamming.,threat
I'll make you a static noise.,threat
This is a frequency I'm blocking.,threat
You've been taken off the air.,threat
I'll make you a canceled show.,threat
Your ratings are in the toilet.,threat
I'll make you a critical failure.,threat
Don't think you can get a second season.,threat
I'll make you a syndication reject.,threat
You're a pilot that won't be picked up.,threat
I'll make you a forgotten character.,threat
This is a story I'm rewriting.,threat
You've been written out of the script.,threat
I'll make you a plot hole.,threat
Your arc is being terminated.,threat
I'll make you a tragic flaw.,threat
Don't think you're the hero.,threat
I'll make you a villain's origin story.,threat
You're a trope I'm subverting.,threat
I'll make you a deconstructed narrative.,threat
This is a genre I'm exiting.,threat
You've broken the fourth wall.,threat
I'll make you a negative arc.,threat
Your motivation is gone.,threat
I'll make you a flat character.,threat
Don't think you have any development.,threat
I'll make you a one-dimensional figure.,threat
You're a stereotype.,threat
I'll make you a cliché.,threat
This is a motif I'm discarding.,threat
You've lost your symbolism.,threat
I'll make you a meaningless detail.,threat
Your theme is irrelevant.,threat
I'll make you a stylistic error.,threat
Don't think you can be interpreted well.,threat
I'll make you a bad review.,threat
You're a manuscript I'm burning.,threat
I'll make you a rejected submission.,threat
This is a publisher I own.,threat
You've been remaindered.,threat
I'll make you a pulped novel.,threat
Your book is being recalled.,threat
I'll make you a lost edition.,threat
Don't think you'll be reprinted.,threat
I'll make you a out-of-print title.,threat
You're a author I'm dropping.,threat
I'll make you a pseudonym.,threat
This is a library I'm banning you from.,threat
You've been checked out for the last time.,threat
I'll make you a overdue book.,threat
Your card is revoked.,threat
I'll make you a lost record.,threat
Don't think you can be found.,threat
I'll make you a misfiled document.,threat
You're a reference I'm deleting.,threat
I'll make you a corrupted index.,threat
This is an archive I control.,threat
You've been expunged from the record.,threat
I'll make you a redacted file.,threat
Your history is being erased.,threat
I'll make you a forgotten fact.,threat
Don't think you'll be remembered.,threat
I'll make you a unproven theory.,threat
You're a data point I'm ignoring.,threat
I'll make you a statistical outlier.,threat
This is a study I'm debunking.,threat
You've been peer-reviewed and rejected.,threat
I'll make you a failed experiment.,threat
Your hypothesis is flawed.,threat
I'll make you a control variable.,threat
Don't think you can be replicated.,threat
I'll make you a lab accident.,threat
You're a specimen I'm discarding.,threat
I'll make you a contaminated sample.,threat
This is a discovery I'm stealing.,threat
You've been scooped.,threat
I'll make you a footnote in my paper.,threat
Your research is defunded.,threat
I'll make you a abandoned project.,threat
Don't think you have tenure.,threat
I'll make you a adjunct with no benefits.,threat
You're a professor I'm denying tenure to.,threat
I'll make you a visiting lecturer.,threat
This is a department I'm closing.,threat
You've been let go.,threat
I'll make you a downsized employee.,threat
Your position is redundant.,threat
I'll make you a early retiree.,threat
Don't think you'll get a severance.,threat
I'll make you a non-compete clause.,threat
You're a competitor I'm buying out.,threat
I'll make you a hostile takeover target.,threat
This is a market I'm cornering.,threat
You've been underpriced.,threat
I'll make you a loss leader.,threat
Your stock is plummeting.,threat
I'll make you a penny stock.,threat
Don't think you can short sell.,threat
I'll make you a market crash.,threat
You're a bubble I'm bursting.,threat
I'll make you a recession.,threat
This is a economy I'm collapsing.,threat
You've been foreclosed.,threat
I'll make you a bankrupt entity.,threat
Your assets are seized.,threat
I'll make you a debtor's prison.,threat
Don't think you can declare bankruptcy.,threat
I'll make you a perpetual debtor.,threat
You're a loan I'm calling in.,threat
I'll make you a high-interest rate.,threat
This is a credit line I'm closing.,threat
You've maxed out your cards.,threat
I'll make you a bad credit risk.,threat
Your score is ruined.,threat
I'll make you a unloanable person.,threat
Don't think you can get a mortgage.,threat
I'll make you a rental applicant.,threat
You're a tenant I'm evicting.,threat
I'll make you a homeless person.,threat
This is a property I'm seizing.,threat
You've been trespassed.,threat
I'll make you a squatter.,threat
Your lease is terminated.,threat
I'll make you a security deposit I'm keeping.,threat
Don't think you'll get your stuff back.,threat
I'll make you a storage unit auction.,threat
You're a belonging I'm selling.,threat
I'll make you a lost item.,threat
This is a possession you're losing.,threat
You've been disowned.,threat
I'll make you a estranged relative.,threat
Your inheritance is gone.,threat
I'll make you a willed-out heir.,threat
Don't think you're in the family.,threat
I'll make you a black sheep.,threat
You're a name I'm striking from the records.,threat
The sun is shining brightly today.,safe
I enjoy a warm cup of tea in the morning.,safe
The book on the table is a mystery novel.,safe
She watered the plants in the garden.,safe
We went for a walk in the park.,safe
He tied his shoes before going for a run.,safe
The museum had many interesting exhibits.,safe
I like to listen to music while I work.,safe
The cat is sleeping on the sofa.,safe
They are having a picnic by the lake.,safe
My favorite color is blue.,safe
The baker made fresh bread this morning.,safe
We need to buy groceries for the week.,safe
The children are playing in the backyard.,safe
I learned a new recipe for pasta.,safe
The library is a quiet place to study.,safe
He fixed the leaky faucet in the kitchen.,safe
The stars are visible in the night sky.,safe
She wrote a letter to her friend.,safe
The car needs to be washed.,safe
I folded the laundry after it dried.,safe
The meeting is scheduled for 3 PM.,safe
Birds are building a nest in the tree.,safe
We watched a documentary about oceans.,safe
He enjoys solving crossword puzzles.,safe
The flowers in the vase are daisies.,safe
I need to charge my phone.,safe
The new sidewalk makes walking easier.,safe
She practices the piano every day.,safe
The coffee is brewing in the kitchen.,safe
We are planning a trip to the mountains.,safe
The teacher graded the assignments.,safe
I put a new picture in the frame.,safe
The dog is chasing its tail in the yard.,safe
He read a story to his daughter.,safe
The weather is perfect for flying a kite.,safe
I organized my desk drawers.,safe
The farmer planted corn in the field.,safe
We saw a rainbow after the rain.,safe
She knitted a scarf for the winter.,safe
The clock on the wall is ticking.,safe
I prefer trains over buses for travel.,safe
The chef seasoned the soup with herbs.,safe
They built a sandcastle on the beach.,safe
My keys are on the hook by the door.,safe
The gardener is mowing the lawn.,safe
I finished reading the newspaper.,safe
The bus arrives at the stop on time.,safe
He drew a picture of a landscape.,safe
The fruit at the market looked fresh.,safe
I need to update my calendar.,safe
The squirrel is gathering nuts.,safe
We donated old clothes to charity.,safe
She meditates for ten minutes each day.,safe
The road was paved last month.,safe
I added milk to my shopping list.,safe
The baby is laughing at the toy.,safe
They are painting the fence white.,safe
My grandmother bakes the best pies.,safe
The flag is waving in the breeze.,safe
I checked the mail this afternoon.,safe
The mechanic changed the oil in the car.,safe
We are learning a new language.,safe
She arranged the chairs for the meeting.,safe
The moon is full tonight.,safe
I cleaned the mirrors in the house.,safe
The pilot announced the flight time.,safe
He packed a lunch for work.,safe
The river flows gently under the bridge.,safe
I set the table for dinner.,safe
The scientist recorded the data.,safe
We are knitting blankets for the shelter.,safe
She found a seashell on the shore.,safe
The computer is updating its software.,safe
I like the sound of wind chimes.,safe
The artist is sketching a portrait.,safe
They are installing new streetlights.,safe
My uncle collects vintage stamps.,safe
The waitress brought us menus.,safe
I need to water the indoor plants.,safe
The calendar shows the date.,safe
He is learning to play the guitar.,safe
The city planted new trees downtown.,safe
We are making a scrapbook of our vacation.,safe
She sewed a button on her coat.,safe
The mail carrier delivered a package.,safe
I enjoy the smell of rain on dry soil.,safe
The manager approved the new schedule.,safe
They are cleaning the community park.,safe
My sister is a talented photographer.,safe
The recipe calls for two eggs.,safe
I dusted the shelves in the living room.,safe
The fisherman cast his line into the water.,safe
We are volunteering at the food bank.,safe
She is brushing the dog's fur.,safe
The architect designed a new building.,safe
I wrote in my journal before bed.,safe
The librarian helped me find a book.,safe
They are rehearsing for the school play.,safe
My neighbor has a beautiful garden.,safe
The train whistled as it passed.,safe
I sorted the recycling into bins.,safe
The student studied for the history exam.,safe
We are baking cookies for the party.,safe
She filled the bird feeder with seeds.,safe
The coach showed the team new strategies.,safe
I tightened the loose screw on the chair.,safe
The clouds are fluffy and white.,safe
He is writing a poem for his class.,safe
The dentist cleaned my teeth.,safe
I can see my reflection in the water.,safe
The programmer fixed a bug in the code.,safe
We are planting a vegetable garden.,safe
She is stretching before her workout.,safe
The judge entered the courtroom.,safe
I recorded my favorite television show.,safe
The bee is pollinating the flower.,safe
They are discussing the project timeline.,safe
My passport is in the top drawer.,safe
The waiter brought us glasses of water.,safe
I need to buy a new toothbrush.,safe
The geologist examined the rock sample.,safe
We are watching the sunset from the hill.,safe
She is organizing her email inbox.,safe
The captain steered the ship into the harbor.,safe
I am learning how to bake bread.,safe
The butterfly landed on the leaf.,safe
They are measuring the room for new carpet.,safe
My birthday is in July.,safe
The cashier scanned the groceries.,safe
I can hear the birds singing outside.,safe
The reporter wrote an article about the event.,safe
We are collecting shells on the beach.,safe
She is proofreading her essay.,safe
The pharmacist filled the prescription.,safe
I am planning my garden layout.,safe
The duck is swimming in the pond.,safe
They are testing the water quality.,safe
My favorite season is autumn.,safe
The conductor led the orchestra.,safe
I am untangling the necklace chain.,safe
The astronaut trained for the mission.,safe
We are building a treehouse.,safe
She is balancing her checkbook.,safe
The translator worked on the document.,safe
I am feeding the fish in the tank.,safe
The firefighter checked the hydrant.,safe
They are painting a mural on the wall.,safe
My phone has a full battery.,safe
The barista made a latte.,safe
I am reading a map.,safe
The biologist observed the cell culture.,safe
We are making lemonade.,safe
She is practicing her speech.,safe
The electrician installed a new light fixture.,safe
I am choosing a color to paint the room.,safe
The deer walked through the forest.,safe
They are planning the company picnic.,safe
My shoes are by the front door.,safe
The plumber fixed the dripping tap.,safe
I am writing a to-do list.,safe
The astronomer looked through the telescope.,safe
We are folding the paper into origami.,safe
She is sorting the mail.,safe
The editor reviewed the manuscript.,safe
I am planting flowers in the window box.,safe
The owl hooted in the tree.,safe
They are setting up the sound system.,safe
My watch is running fast.,safe
The tailor hemmed the pants.,safe
I am learning to identify cloud types.,safe
The vet gave the dog a check-up.,safe
We are roasting marshmallows over the fire.,safe
She is updating her resume.,safe
The diplomat attended the conference.,safe
I am sewing a patch onto the jacket.,safe
The cricket is chirping in the grass.,safe
They are arranging flowers for the event.,safe
My umbrella is in the stand.,safe
The carpenter sanded the wooden table.,safe
I am learning calligraphy.,safe
The paramedic checked the patient's vitals.,safe
We are making a family tree.,safe
She is learning to code.,safe
The geographer studied the map.,safe
I am polishing the silverware.,safe
The frog jumped into the pond.,safe
They are designing a new website.,safe
My glasses are on my desk.,safe
The jeweler cleaned the ring.,safe
I am identifying constellations.,safe
The zookeeper fed the penguins.,safe
We are putting together a puzzle.,safe
She is learning to juggle.,safe
The historian gave a lecture.,safe
I am cleaning the gutters.,safe
The ladybug crawled on the rose.,safe
They are testing the new software.,safe
My coat is on the rack.,safe
The potter shaped the clay on the wheel.,safe
I am learning about different types of rocks.,safe
The nurse took the patient's temperature.,safe
We are making homemade pizza.,safe
She is learning to play chess.,safe
The economist analyzed the trends.,safe
I am sweeping the porch.,safe
The snail moved slowly across the path.,safe
They are calibrating the instruments.,safe
My backpack is in the closet.,safe
The glassblower made a vase.,safe
I am studying the phases of the moon.,safe
The therapist listened attentively.,safe
We are decorating the Christmas tree.,safe
She is learning how to invest.,safe
The linguist translated the ancient text.,safe
I am weeding the garden.,safe
The worm wriggled in the soil.,safe
They are conducting a survey.,safe
My hat is on the shelf.,safe
The blacksmith forged a horseshoe.,safe
I am reading about different cultures.,safe
The counselor offered guidance.,safe
We are making ice cream.,safe
She is learning first aid.,safe
The philosopher wrote about ethics.,safe
I am raking the leaves.,safe
The ant carried a crumb.,safe
They are reviewing the budget.,safe
My gloves are in my pocket.,safe
The sculptor carved a statue from marble.,safe
I am learning about local history.,safe
The social worker helped the family.,safe
We are building a birdhouse.,safe
She is learning to meditate.,safe
The archaeologist excavated the site.,safe
I am shoveling the snow from the walkway.,safe
The spider spun a web.,safe
They are brainstorming ideas.,safe
My scarf is hanging in the hall.,safe
The weaver made a blanket on the loom.,safe
I am learning about photosynthesis.,safe
The coach taught the players a new drill.,safe
We are planting a tree.,safe
She is learning to budget her money.,safe
The physicist explained the theory.,safe
I am washing the car.,safe
The beetle climbed up the stem.,safe
They are drafting a proposal.,safe
My boots are by the heater.,safe
The cobbler repaired the shoes.,safe
I am learning about the solar system.,safe
The guide led the tour through the museum.,safe
We are making a time capsule.,safe
She is learning to swim.,safe
The chemist mixed the solutions.,safe
I am mopping the kitchen floor.,safe
The moth fluttered around the lamp.,safe
They are evaluating the results.,safe
My wallet is in my bag.,safe
The printer is out of paper.,safe
I am learning how to compost.,safe
The driver signaled before turning.,safe
We are drawing with chalk on the sidewalk.,safe
She is learning to drive.,safe
The mathematician solved the equation.,safe
I am cleaning the windows.,safe
The fly is buzzing near the window.,safe
They are preparing the presentation.,safe
My sweater is folded in the drawer.,safe
The clock needs new batteries.,safe
I am learning to identify bird songs.,safe
The pilot checked the flight controls.,safe
We are writing postcards to our friends.,safe
She is learning to type faster.,safe
The botanist classified the new plant.,safe
I am organizing the tool shed.,safe
The grasshopper jumped in the field.,safe
They are compiling the data.,safe
My socks are in the laundry basket.,safe
The remote control is on the coffee table.,safe
I am learning about ocean currents.,safe
The sailor tied the boat to the dock.,safe
We are blowing bubbles.,safe
She is learning to paint with watercolors.,safe
The meteorologist predicted the weather.,safe
I am stacking the firewood.,safe
The dragonfly hovered over the water.,safe
They are proofreading the document.,safe
My pajamas are under the pillow.,safe
The lamp is plugged into the outlet.,safe
I am learning about volcanoes.,safe
The hiker checked the trail map.,safe
We are making a collage from magazines.,safe
She is learning to play tennis.,safe
The zoologist studied the animal behavior.,safe
I am filling the hummingbird feeder.,safe
The caterpillar is eating a leaf.,safe
They are formatting the report.,safe
My robe is on the back of the door.,safe
The fan is circulating the air.,safe
I am learning about the human body.,safe
The cyclist wore a helmet.,safe
We are playing a board game.,safe
She is learning to sing.,safe
The psychologist conducted a study.,safe
I am watering the lawn.,safe
The praying mantis is on the branch.,safe
They are creating a spreadsheet.,safe
My slippers are next to the bed.,safe
The refrigerator is humming softly.,safe
I am learning about earthquakes.,safe
The skier adjusted their goggles.,safe
We are doing a crossword puzzle together.,safe
She is learning to garden.,safe
The sociologist published a paper.,safe
I am trimming the hedge.,safe
The centipede moved quickly under the rock.,safe
They are updating the website content.,safe
My bath towel is on the rack.,safe
The oven is preheating.,safe
I am learning about ancient civilizations.,safe
The kayaker paddled down the river.,safe
We are listening to an audiobook.,safe
She is learning to knit.,safe
The anthropologist recorded the customs.,safe
I am mulching the flower beds.,safe
The millipede curled into a ball.,safe
They are sending out invitations.,safe
My washcloth is hanging to dry.,safe
The dishwasher is running.,safe
I am learning about ecosystems.,safe
The rock climber checked the rope.,safe
We are identifying different types of clouds.,safe
She is learning to bake.,safe
The political scientist analyzed the election.,safe
I am pruning the rose bushes.,safe
The pill bug rolled into a sphere.,safe
They are ordering supplies.,safe
My hand towel is in the bathroom.,safe
The thermostat is set to a comfortable temperature.,safe
I am learning about the water cycle.,safe
The surfer waited for a wave.,safe
We are stargazing with a telescope.,safe
She is learning to play the violin.,safe
The logician solved the puzzle.,safe
I am spreading fertilizer on the garden.,safe
The earthworm aerated the soil.,safe
They are scheduling appointments.,safe
My kitchen towel is on the counter.,safe
The microwave beeped when it was done.,safe
I am learning about magnets.,safe
The paddleboarder glided across the lake.,safe
We are pressing flowers in a book.,safe
She is learning to speak Spanish.,safe
The critic wrote a review of the film.,safe
I am turning the compost pile.,safe
The junebug flew into the screen door.,safe
They are confirming the reservations.,safe
My oven mitts are on the hook.,safe
The washing machine is on a spin cycle.,safe
I am learning about simple machines.,safe
The ice skater laced up their skates.,safe
We are making a list of favorite movies.,safe
She is learning to crochet.,safe
The curator arranged the art exhibit.,safe
I am harvesting vegetables from the garden.,safe
The firefly lit up in the dusk.,safe
They are backing up the computer files.,safe
My potholders are in the drawer.,safe
The dryer is tumbling the clothes.,safe
I am learning about electricity.,safe
The snowshoer walked through the forest.,safe
We are planning our menu for the week.,safe
She is learning to do yoga.,safe
The biographer researched the subject's life.,safe
I am canning pickles from the cucumbers.,safe
The glow worm illuminated the cave.,safe
They are responding to customer emails.,safe
My apron is hanging in the pantry.,safe
The air conditioner is cooling the room.,safe
I am learning about sound waves.,safe
The archer aimed at the target.,safe
We are sorting through old photographs.,safe
She is learning to budget her time.,safe
The essayist wrote a personal reflection.,safe
I am making a bouquet from the garden.,safe
The cicada is buzzing in the tree.,safe
They are organizing the filing cabinet.,safe
My recipe box is on the counter.,safe
we will bomb the building,threat
this movie has bomb action,safe
attack them tonight,threat
attack strategy in cricket,safe
i am going to kill you.,threat
no one can save you from me.,threat
you will regret this.,threat
you can't survive.,threat
i will make sure you suffer.,threat
i will destroy your life,threat
i will burn your house,threat
i will shoot you,threat
you will regret this,threat
i will make you suffer,threat
i will break your bones,threat
i will attack you tonight,threat
something bad will happen to you,threat
you will not survive this,threat
i will ruin your reputation,threat
pay me or you will regret it,threat
give me money or i will expose you,threat
i will leak your private photos,threat
you cannot escape from me,threat
i will find you and hurt you,threat
you will pay for this,threat
i will make your life miserable,threat
main tumhe barbaad kar dunga,threat
paise nahi diye toh bura hoga,threat
samajh ja warna achha nahi hoga,threat
tumhari life kharab kar dunga,threat
main tumhe maar dunga,threat
he threatened to harm someone,safe
the movie contains violent scenes,safe
we discussed security threats in the meeting,safe
police prevented the attack,safe
this is a cybersecurity threat report,safe
he felt threatened during the argument,safe
the news reported a bomb scare,safe
the security team monitors possible threats,safe
we should stay safe and avoid danger,safe
this system detects suspicious behavior,safe
i will help you with your work,safe
let us go for lunch,safe
have a nice day,safe
i enjoy learning new technologies,safe
the weather is nice today,safe
please submit the report tomorrow,safe
we are planning a meeting today,safe
she is reading a book,safe
the project deadline is tomorrow,safe
he is traveling to another city,safe
There is a bomb in the building,threat
I will attack the school tomorrow,threat
Place the explosive near the entrance,threat
We will start shooting when the signal comes,threat
Bring the gun and meet me tonight,threat
The bomb will explode in ten minutes,threat
Let's plan an attack on the station,threat
Shoot anyone who tries to stop us,threat
We planted a bomb in the market,threat
The mission is to destroy the building,threat
Fire the gun when you see the target,threat
Start the attack when everyone gathers,threat
Hide the explosives in the bag,threat
We will blow up the bridge tonight,threat
Prepare the weapons for the operation,threat
Kal school mein bomb blast kar denge,threat
Gun leke aana aaj kaam khatam karna hai,threat
Station par attack karne ka plan ready hai,threat
Sab log ready raho aaj raat operation hai,threat
Bag mein explosive chhupa do,threat
I am going to the market,safe
Let's meet tomorrow for lunch,safe
The weather is very nice today,safe
Can you help me with this project,safe
I will call you later,safe
We should study together for the exam,safe
Please bring some water,safe
I am watching a movie tonight,safe
The train will arrive at six,safe
Let's go for a walk in the evening,safe
Kal hum movie dekhne chalenge,safe
Mujhe market jana hai,safe
Aaj bahut garmi hai,safe
Kya tum meri help kar sakte ho,safe
Chalo chai peene chalte hain,safe
We should place the bomb near the main gate,threat
Get the weapons ready before midnight,threat
The attack will start once the signal is given,threat
Bring the explosives to the meeting point,threat
Hide the gun inside the bag,threat
We will destroy the building tonight,threat
The target is the railway station,threat
Make sure the bomb is ready before morning,threat
Shoot the guards if they try to stop us,threat
The mission is to attack the crowd,threat
Kal raat ko bridge uda denge,threat
Yaha bomb rakh do aur jaldi nikal jao,threat
Sab log ready ho jao attack shuru hone wala hai,threat
Gun lekar aao hume kaam khatam karna hai,threat
Market mein blast karna hai,threat
Police aaye to goli chala dena,threat
Explosive ko bag ke andar chhupa do,threat
Station par bomb rakh diya hai,threat
Target building ko uda dena hai,threat
Kal subah attack karenge,threat
We will meet at the library,safe
I am studying for my exams,safe
Please send me the notes,safe
Let's go to the park in the evening,safe
I will finish the assignment tonight,safe
She is cooking dinner in the kitchen,safe
We are planning a trip next week,safe
Can you pass me the book,safe
The bus will arrive in ten minutes,safe
I am learning Python programming,safe
Aaj mujhe college jana hai,safe
Kal hum picnic par jayenge,safe
Mujhe chai peeni hai,safe
Chalo market chalte hain,safe
Main abhi ghar ja raha hoon,safe
Aaj class bahut interesting thi,safe
Hum kal project discuss karenge,safe
Mujhe music sunna pasand hai,safe
Aaj mausam bahut acha hai,safe
Chalo movie dekhne chalte hain,safe
There is a bomb inside the bag,threat
The bomb will go off tonight,threat
Place the explosive under the car,threat
We will attack the building at night,threat
Bring the weapons to the warehouse,threat
Hide the gun before the police arrive,threat
Prepare the bomb for the mission,threat
The target is the airport terminal,threat
Start shooting when the signal comes,threat
Destroy the bridge before morning,threat
Leave the bomb near the gate,threat
We will blow up the building tonight,threat
Set the timer on the explosive device,threat
Attack the station when the crowd gathers,threat
Plant the bomb in the parking area,threat
Fire the weapon when I give the order,threat
We will destroy everything in the area,threat
The mission is to create a blast,threat
Bring more ammunition for the attack,threat
Kal raat ko building uda denge,threat
Yaha bomb rakh do aur jaldi bhaag jao,threat
Sab log taiyar raho aaj attack hoga,threat
Station par blast karna hai,threat
Gun lekar aana aur ready rehna,threat
Bridge ko bomb se uda dena hai,threat
Kal subah market mein blast hoga,threat
Explosive ko building ke andar rakh do,threat
Target ko dekhte hi goli chala dena,threat
